code,nom,CSE_inscrits,CSE_votants,CSE_sve,CSE_CGT,CSE_CFDT,CSE_CGT-FO,CSE_CFTC,CSE_CFE-CGC,CSE_SOLIDAIRES,CSE_UNSA,CSE_AUTRES,TPE_inscrits,TPE_votants,TPE_sve,TPE_CGT,TPE_CFDT,TPE_CGT-FO,TPE_CFTC,TPE_CFE-CGC,TPE_SOLIDAIRES,TPE_UNSA,TPE_AUTRES,AGRI_inscrits,AGRI_votants,AGRI_sve,AGRI_CGT,AGRI_CFDT,AGRI_CGT-FO,AGRI_CFTC,AGRI_CFE-CGC,AGRI_SOLIDAIRES,AGRI_UNSA,AGRI_AUTRES,TOTAL_inscrits,TOTAL_votants,TOTAL_sve,TOTAL_CGT,TOTAL_CFDT,TOTAL_CGT-FO,TOTAL_CFTC,TOTAL_CFE-CGC,TOTAL_SOLIDAIRES,TOTAL_UNSA,TOTAL_AUTRES,pourcentage_CGT,pourcentage_CFDT,pourcentage_CGT-FO,pourcentage_CFTC,pourcentage_CFE-CGC,pourcentage_SOLIDAIRES,pourcentage_UNSA,pourcentage_AUTRES
01,Ain,48044,30124,28161,7634,8558,5650,1320,2594,611,1294,485,35908,1233,1176,271,191,155,117,62,59,203,0,4381,300,275,56,50,26,33,19,0,91,0,88333,31657,29612,7961,8799,5831,1470,2675,670,1588,485,26.884371200864514,29.714305011481834,19.69134134810212,4.964203701202216,9.033499932459813,2.2625962447656356,5.362690801026611,1.6378495204646764
02,Aisne,31318,21483,19861,5817,5692,3900,2188,1391,249,490,122,24385,895,862,291,131,122,73,28,30,103,0,4858,522,482,108,91,72,92,119,0,0,0,60561,22900,21205,6216,5914,4094,2353,1538,279,593,122,29.31384107521811,27.889648667767037,19.306767271869845,11.096439518981374,7.253006366423014,1.3157274227776468,2.796510257014855,0.5753360056590426
03,Allier,21271,14027,12761,4707,3060,2708,548,849,283,364,228,18007,863,806,277,98,127,71,25,33,110,0,2071,226,211,56,75,0,80,0,0,0,0,41349,15116,13778,5040,3233,2835,699,874,316,474,228,36.58005516040064,23.464944113804616,20.57628102772536,5.07330526926985,6.343446073450429,2.2935113949775006,3.44026709246625,1.6548120191609814
04,Alpes-de-Haute-Provence,49373,6791,6407,1567,887,1390,1174,915,27,447,0,11682,495,482,193,63,61,18,14,29,57,0,1671,184,169,58,0,0,57,54,0,0,0,62726,7470,7058,1818,950,1451,1249,983,56,504,0,25.75800510059507,13.459903655426467,20.55823179370927,17.69623122697648,13.92745820345707,0.793425899688297,7.1408330971946725,0.0
05,Hautes-Alpes,4976,2974,2690,949,878,686,0,134,0,43,0,12651,478,456,120,84,57,26,13,49,53,0,895,132,113,35,36,0,42,0,0,0,0,18522,3584,3259,1104,998,743,68,147,49,96,0,33.87542190856091,30.622890457195457,22.79840441853329,2.086529610309911,4.5105860693464255,1.5035286897821418,2.9456888616139922,0.0
06,Alpes-Maritimes,85081,54372,51482,11736,14375,9209,4206,7513,1004,2630,765,92174,2417,2308,656,343,284,234,126,79,362,0,4198,224,214,65,41,23,45,40,0,0,0,181453,57013,54004,12457,14759,9516,4485,7679,1083,2992,765,23.066809865935856,27.329457077253537,17.6209169691134,8.304940374787053,14.21931708762314,2.0054070068883787,5.540330345900304,1.4165617361676912
07,Ardèche,20469,12830,11806,4654,3115,1598,770,1079,316,171,99,18276,832,795,211,133,109,63,22,59,95,0,2174,229,203,56,69,0,61,17,0,0,0,40919,13891,12804,4921,3317,1707,894,1118,375,266,99,38.433302093095904,25.90596688534833,13.331771321462044,6.982193064667292,8.73164636051234,2.928772258669166,2.077475788815995,0.7731958762886598
08,Ardennes,17045,11280,10418,2904,2055,2993,918,741,390,383,33,13923,559,539,167,82,102,51,24,16,74,0,1756,224,203,16,68,32,43,44,0,0,0,32724,12063,11160,3087,2205,3127,1012,809,406,457,33,27.661290322580644,19.758064516129032,28.019713261648743,9.06810035842294,7.249103942652329,3.6379928315412187,4.094982078853047,0.2956989247311828
09,Ariège,6655,5043,4371,2221,594,706,288,313,237,0,0,8949,422,406,156,32,45,23,11,43,57,0,983,108,104,42,41,0,21,0,0,0,0,16587,5573,4881,2419,667,751,332,324,280,57,0,49.55951649252203,13.665232534316738,15.386191354230691,6.801884859659905,6.637984019668101,5.736529399713174,1.1677934849416103,0.0
10,Aube,22171,13529,12428,3486,3560,1650,989,1453,151,687,450,21835,929,890,215,174,123,82,24,23,129,0,3858,365,323,59,100,0,90,74,0,0,0,47864,14823,13641,3760,3834,1773,1161,1551,174,816,450,27.563961586393958,28.106443809104903,12.997580822520344,8.51110622388388,11.370134154387507,1.275566307455465,5.981966131515285,3.2988783813503413
11,Aude,14033,9481,8824,2154,2360,2399,899,291,98,442,177,28459,1213,1165,302,153,225,92,35,59,141,0,4331,382,336,71,83,63,84,35,0,0,0,46823,11076,10325,2527,2596,2687,1075,361,157,583,177,24.47457627118644,25.142857142857146,26.02421307506053,10.411622276029057,3.4963680387409197,1.5205811138014529,5.646489104116223,1.7142857142857144
12,Aveyron,19049,12181,11034,3310,1706,3923,182,869,485,426,131,22841,1284,1226,322,166,229,69,24,92,139,0,2102,361,319,51,93,69,74,32,0,0,0,43992,13826,12579,3683,1965,4221,325,925,577,565,131,29.27895699181175,15.621273551156689,33.5559265442404,2.58367119802846,7.353525717465617,4.587010096192066,4.491613005803323,1.0414182367437792
13,Bouches-du-Rhône,293142,181517,172591,41237,33575,35737,14935,23979,5829,10828,6413,176679,5747,5525,1557,731,689,452,292,349,798,0,8971,557,494,140,99,78,76,101,0,0,0,478792,187821,178610,42934,34405,36504,15463,24372,6178,11626,6413,24.03784782486983,19.2626392699177,20.437825429707182,8.657409999440121,13.645372599518504,3.458932870499972,6.50915402273109,3.590504451038576
14,Calvados,68282,41893,39131,8772,12426,5539,3330,4244,2594,1765,434,57999,2409,2301,632,326,281,202,63,139,342,0,5700,361,331,71,72,60,94,34,0,0,0,131981,44663,41763,9475,12824,5880,3626,4341,2733,2107,434,22.687546392739986,30.706606326173887,14.079448315494577,8.682326461221654,10.394368220673803,6.544070109905897,5.045135646385557,1.0391973756674568
15,Cantal,7175,5176,4677,1807,1093,1182,263,156,94,69,12,10724,609,581,205,76,137,26,8,19,64,0,1153,126,108,13,48,0,22,25,0,0,0,19052,5911,5366,2025,1217,1319,311,189,113,133,12,37.737607156168465,22.679836004472605,24.58069325382035,5.795751024972047,3.522176667909057,2.1058516585911295,2.478568766306373,0.22363026462914648
16,Charente,26340,17155,15777,5487,3087,3105,1080,1514,363,1058,78,28445,1293,1223,309,152,197,85,32,68,171,0,5755,431,388,71,94,45,81,97,0,0,0,60540,18879,17388,5867,3333,3347,1246,1643,431,1229,78,33.74166091557396,19.168391994478952,19.248907292385553,7.1658615136876005,9.449045318610535,2.4787209569818267,7.068092937658155,0.4485852311939268
17,Charente-Maritime,32320,20438,18917,5521,4948,3502,1090,1925,664,1162,97,59744,2245,2149,550,305,290,156,58,104,354,0,9097,524,481,70,87,77,99,53,0,95,0,101161,23207,21547,6141,5340,3869,1345,2036,768,1611,97,28.500487306817657,24.783032440711004,17.95609597623799,6.242168283287697,9.449111245184945,3.5643012948438293,7.476678888012252,0.45017867916647325
18,Cher,22024,13522,12341,3496,4192,1833,407,1617,365,218,205,20316,982,912,253,130,119,72,23,30,139,0,3298,263,226,44,58,32,51,41,0,0,0,45638,14767,13479,3793,4380,1984,530,1681,395,357,205,28.140069738111134,32.494992210104606,14.719192818458342,3.9320424363825213,12.471251576526448,2.930484457303954,2.6485644335633207,1.5208843386007864
19,Corrèze,13063,8941,8131,3001,2208,1460,210,674,209,219,148,17359,874,832,251,120,142,59,15,35,119,0,2118,215,193,61,43,33,36,20,0,0,0,32540,10030,9156,3313,2371,1635,305,709,244,338,148,36.18392311052862,25.8955875928353,17.857142857142858,3.331148973350808,7.7435561380515505,2.6649191786806465,3.6915683704674533,1.6164263870685889
21,Côte-d'Or,69414,40816,38316,7578,11759,6135,3802,4058,1135,2873,963,41445,1918,1839,437,296,190,192,74,90,286,0,6114,557,517,118,133,50,130,86,0,0,0,116973,43291,40672,8133,12188,6375,4124,4218,1225,3159,963,19.99655782848151,29.96656176239182,15.674173878835562,10.139653815892997,10.370771046420142,3.0119000786782064,7.767014162077104,2.3677222659323367
22,Côtes-d'Armor,39570,23188,21473,4951,8198,3244,1781,1642,832,325,494,47313,2135,2069,502,380,345,137,35,110,264,0,8215,643,596,87,179,61,79,64,70,56,0,95098,25966,24138,5540,8757,3650,1997,1741,1012,645,494,22.951362996105726,36.27889634601044,15.121385367470378,8.273262076394069,7.212693678018063,4.192559449830143,2.672135222470793,2.0465655812411963
23,Creuse,3939,2603,2367,1294,557,383,30,55,35,0,13,7837,434,401,114,36,91,24,8,27,52,0,1009,87,79,22,0,0,24,0,0,33,0,12785,3124,2847,1430,593,474,78,63,62,85,13,50.2283105022831,20.82894274675097,16.649104320337198,2.73972602739726,2.212855637513172,2.1777309448542326,2.985598876009835,0.45662100456621
24,Dordogne,20924,13177,11962,4362,3616,2190,509,707,0,410,168,31895,1423,1353,370,211,225,87,27,64,208,0,4832,503,462,79,113,59,76,53,0,82,0,57651,15103,13777,4811,3940,2474,672,787,64,700,168,34.92051970675764,28.598388618712345,17.957465340785365,4.877694708572259,5.712419249473761,0.4645423531973579,5.080931988096102,1.2194236771430647
25,Doubs,43780,28033,26223,4875,8084,4372,2549,4539,335,1378,87,37272,1807,1709,365,310,179,144,59,88,272,0,2571,270,247,37,95,25,62,28,0,0,0,83623,30110,28179,5277,8489,4576,2755,4626,423,1650,87,18.7267113808155,30.125270591575287,16.239043259164625,9.776784130025906,16.41648035771319,1.5011178537208558,5.85542425210263,0.3087405514745023
26,Drôme,46723,29464,27287,7216,8531,4552,1610,2802,711,807,1039,44597,1961,1888,526,262,187,120,71,143,266,0,5716,542,501,159,189,0,80,73,0,0,0,97036,31967,29676,7901,8982,4739,1810,2946,854,1073,1039,26.62420811430112,30.26688232915487,15.969133306375522,6.099204744574741,9.92721391023049,2.8777463269982477,3.615716403828009,3.501145706968594
27,Eure,38858,26234,24271,6529,7024,4403,1474,2376,163,1880,412,38438,1524,1450,362,205,234,103,36,49,247,0,4050,255,230,40,54,46,49,41,0,0,0,81346,28013,25951,6931,7283,4683,1626,2453,212,2127,412,26.70802666563909,28.0644291164117,18.045547377750378,6.265654502716658,9.452429578821626,0.816924203306231,8.196215945435629,1.5876074139724867
28,Eure-et-Loir,30497,18275,17050,3507,4339,4231,1334,1730,542,1146,217,27726,1151,1092,242,154,180,77,34,30,187,0,3186,219,204,31,60,0,41,17,0,55,0,61409,19645,18346,3780,4553,4411,1452,1781,572,1388,217,20.6039463643301,24.81739888804099,24.043388204513246,7.91453177804426,9.707838220865582,3.1178458519568295,7.565681892510629,1.1828191431374686
29,Finistère,75861,45286,41941,10866,18660,3781,1929,2946,2059,1452,232,67637,3305,3184,749,733,347,165,59,212,488,0,10764,879,817,147,346,0,125,69,0,130,0,154262,49470,45942,11762,19739,4128,2219,3074,2271,2070,232,25.601845805580947,42.965042880153234,8.9852422619825,4.830003047320535,6.691045230943364,4.943189238605198,4.5056810761394805,0.5049845457315746
30,Gard,37381,24039,22454,6371,5558,3364,2076,3007,715,780,562,59620,2313,2205,585,306,340,150,78,108,360,0,8016,510,469,111,124,64,86,84,0,0,0,105017,26862,25128,7067,5988,3768,2312,3169,823,1140,562,28.124005093919134,23.829990448901622,14.995224450811842,9.200891435848456,12.611429481056987,3.2752308182107606,4.536771728748806,2.236548869786692
31,Haute-Garonne,223981,137802,130244,26520,27889,26927,11739,23173,7192,3938,2810,111668,4751,4577,1255,600,488,316,198,342,709,0,3666,393,366,74,103,68,58,63,0,0,0,339315,142946,135187,27849,28592,27483,12113,23434,7534,4647,2810,20.600353584294346,21.1499626443371,20.329617492806264,8.960181082500537,17.33450701620718,5.573021074511603,3.437460702582349,2.0786022324631803
32,Gers,7777,5069,4636,1724,1852,465,170,249,95,52,24,16353,731,698,222,78,88,50,18,50,97,0,3227,463,424,76,121,55,122,50,0,0,0,27357,6263,5758,2022,2051,608,342,317,145,149,24,35.11635984716916,35.62000694685655,10.55922195206669,5.939562348037513,5.505383813824245,2.5182354984369573,2.5877040639110804,0.4168113928447377
33,Gironde,192732,112180,105151,23987,28156,16976,7390,14745,4497,6145,3227,142069,5345,5145,1360,804,529,387,235,288,902,0,23132,1732,1654,416,519,198,263,258,0,0,0,357933,119257,111950,25763,29479,17703,8040,15238,4785,7047,3227,23.012952210808397,26.332291201429207,15.813309513175525,7.1817775792764635,13.611433675748103,4.27422956677088,6.29477445288075,2.88253684680661
34,Hérault,87376,56141,52551,15330,12406,10414,3742,5381,1249,2787,1208,103261,3752,3621,1044,484,444,276,134,213,561,0,7532,560,520,148,127,61,91,93,0,0,0,198169,60453,56692,16522,13017,10919,4109,5608,1462,3348,1208,29.143441755450507,22.960911592464544,19.260213081210754,7.247936216750158,9.892048260777536,2.578847103647781,5.90559514569957,2.1308121075283992
35,Ille-et-Vilaine,153743,89499,83582,15967,31026,9616,9130,9393,3638,3152,1634,90701,4040,3923,944,704,403,312,128,312,572,0,7577,524,469,108,142,0,91,34,0,94,0,252021,94063,87974,17019,31872,10019,9533,9555,3950,3818,1634,19.345488439766296,36.2288858071703,11.388592084024825,10.83615613704049,10.861163525587106,4.4899629435969715,4.339918612317276,1.8573669493259373
36,Indre,13855,9813,8893,2419,2312,2199,672,832,279,150,27,15705,766,718,223,107,127,40,13,25,89,0,2076,228,195,30,39,21,21,15,0,69,0,31636,10807,9806,2672,2458,2347,733,860,304,308,27,27.248623291862124,25.066285947379157,23.934325922904346,7.475015296757087,8.770140730165204,3.1001427697328166,3.1409341219661435,0.2753416275749541
37,Indre-et-Loire,58067,35476,33019,9732,8356,4770,2202,2872,2072,2768,242,47440,2233,2139,597,305,293,153,55,146,272,0,5814,412,374,105,136,0,133,0,0,0,0,111321,38121,35532,10434,8797,5063,2488,2927,2218,3040,242,29.365079365079367,24.757964651581673,14.249127546999887,7.002138917032534,8.237644939772599,6.242260497579647,8.555668130136215,0.6810762129911065
38,Isère,124079,76130,71903,18505,19068,11407,6266,10098,1674,2564,2298,97916,4102,3980,1134,594,372,300,174,301,554,0,4472,383,347,113,104,0,90,40,0,0,0,226467,80615,76230,19752,19766,11779,6656,10312,1975,3118,2298,25.91105863833136,25.929424111242295,15.451921815558178,8.731470549652368,13.527482618391709,2.590843499934409,4.0902531811622715,3.014561196379378
39,Jura,15643,9390,8559,2299,3251,1081,492,590,148,405,291,19167,917,861,234,128,91,63,34,44,113,0,1895,207,186,35,64,21,35,31,0,0,0,36705,10514,9606,2568,3443,1193,590,655,192,518,291,26.733291692692067,35.84218196960233,12.419321257547367,6.141994586716636,6.818655007287113,1.9987507807620237,5.392463043930876,3.029356652092442
40,Landes,22797,14973,13740,3788,4248,2597,330,1584,157,592,437,33298,1491,1431,364,247,217,99,25,74,228,0,5181,429,396,112,94,73,69,48,0,0,0,61276,16893,15567,4264,4589,2887,498,1657,231,820,437,27.391276418063853,29.47902614505043,18.545641420954585,3.1990749662748117,10.644311684974626,1.4839082674889188,5.267553157319972,2.8072204021327165
41,Loir-et-Cher,25212,16576,15320,3627,5102,2602,1284,1529,103,1043,27,24208,1116,1071,318,155,136,85,27,43,163,0,5009,388,365,61,77,40,71,19,0,97,0,54429,18080,16756,4006,5334,2778,1440,1575,146,1303,27,23.90785390307949,31.83337312007639,16.579135831940796,8.593936500358081,9.39961804726665,0.871329672952972,7.776318930532347,0.161136309381714
42,Loire,55974,35977,33151,9177,10944,3533,1732,3361,994,2851,550,58088,2324,2209,641,374,248,173,92,96,299,0,3416,269,242,46,70,27,52,0,0,47,0,117478,38570,35602,9864,11388,3808,1957,3453,1090,3197,550,27.70630863434638,31.986967024324475,10.696028313016123,5.496882197629346,9.698893320599966,3.061625751362283,8.979832593674512,1.5448570305039042
43,Haute-Loire,12311,8007,7134,3533,1294,1652,48,452,0,34,118,17598,981,942,349,105,163,60,13,38,109,0,1676,200,179,32,41,0,50,29,0,27,0,31585,9188,8255,3914,1440,1815,158,494,38,170,118,47.4136886735312,17.443973349485162,21.986674742580252,1.913991520290733,5.984251968503937,0.46032707450030286,2.059357964869776,1.4294367050272563
44,Loire-Atlantique,205848,115671,108913,23868,38227,15576,6885,14548,4123,3579,2072,113977,5800,5587,1575,982,534,421,174,369,791,0,11225,903,845,165,218,104,164,57,0,137,0,331050,122374,115345,25608,39427,16214,7470,14779,4492,4507,2072,22.20122241969743,34.181802418830465,14.056959556114265,6.476223503402835,12.812865750574364,3.8944037452858815,3.9074082101521523,1.7963500801941998
45,Loiret,92338,49812,46545,9460,13884,7339,2671,5803,2709,3708,950,45614,2082,1985,473,320,219,168,91,139,300,0,3730,292,267,36,66,0,60,29,0,76,0,141682,52186,48797,9969,14270,7558,2899,5923,2848,4084,950,20.429534602537043,29.243601041047608,15.488657089575177,5.940938992151157,12.13804127302908,5.836424370350636,8.369366969280899,1.9468409943234215
46,Lot,11585,7289,6717,2396,2155,1306,35,674,53,90,0,13598,672,638,203,78,89,40,14,38,89,0,1755,189,174,40,66,0,44,24,0,0,0,26938,8150,7529,2639,2299,1395,119,712,91,179,0,35.05113560897862,30.53526364723071,18.528357019524506,1.5805551866117677,9.456767166954442,1.2086598485854696,2.377473768096693,0.0
47,Lot-et-Garonne,21180,13385,12189,2754,3742,2945,876,669,422,412,369,27543,1094,1044,286,184,134,120,23,50,141,0,6085,684,637,82,104,66,92,293,0,0,0,54808,15163,13870,3122,4030,3145,1088,985,472,553,369,22.50901225666907,29.05551550108147,22.674837779379956,7.844268204758471,7.101658255227108,3.4030281182408078,3.9870223503965394,2.660418168709445
48,Lozère,5263,3897,3576,1053,1329,854,129,72,105,28,5,6480,350,331,83,57,77,18,5,20,39,0,554,91,88,20,54,0,14,0,0,0,0,12297,4338,3995,1156,1440,931,161,77,125,67,5,28.936170212765955,36.0450563204005,23.30413016270338,4.030037546933667,1.9274092615769713,3.128911138923655,1.6770963704630788,0.1251564455569462
49,Maine-et-Loire,74473,45263,41682,7205,17170,5936,5241,2834,1391,1407,486,64092,3070,2921,652,575,376,271,96,192,365,0,13753,1147,1075,196,367,119,150,73,0,170,0,152318,49480,45678,8053,18112,6431,5662,3003,1583,1942,486,17.629931257935986,39.6514733569771,14.078987696484086,12.395463899470204,6.574280835413108,3.465563290862122,4.25149962782959,1.0639695258111126
50,Manche,38294,23101,21623,5112,7642,3593,1200,2251,974,732,114,39476,1459,1385,321,231,208,99,21,63,242,0,5688,327,300,61,92,46,70,31,0,0,0,83458,24887,23308,5494,7965,3847,1369,2303,1037,974,114,23.571305989359875,34.1728162004462,16.505062639437103,5.8735198215205076,9.880727647159773,4.449116183284709,4.178822721812253,0.4891024540930153
51,Marne,63833,34994,32342,8609,9056,5980,2327,4166,652,1308,229,45687,1773,1691,459,260,215,159,70,49,268,0,10810,1060,963,250,213,75,231,194,0,0,0,120330,37827,34996,9318,9529,6270,2717,4430,701,1576,229,26.6259001028689,27.228826151560177,17.91633329523374,7.763744427934621,12.658589553091781,2.0030860669790833,4.503371813921591,0.6543604983426677
52,Haute-Marne,12226,8208,7496,1868,2452,1547,483,847,160,15,123,10958,600,574,125,88,117,46,12,13,87,0,1433,168,150,18,68,25,25,14,0,0,0,24617,8976,8220,2011,2608,1689,554,873,173,102,123,24.464720194647203,31.72749391727494,20.547445255474454,6.7396593673965945,10.62043795620438,2.1046228710462285,1.2408759124087592,1.4963503649635037
53,Mayenne,29558,17799,16244,2785,5154,2733,3360,1444,306,313,147,28498,1146,1080,235,197,143,98,28,91,145,0,3806,297,263,32,77,24,47,11,0,72,0,61862,19242,17587,3052,5428,2900,3505,1483,397,530,147,17.353727184852445,30.863706146585546,16.48945243645875,19.929493375788933,8.432364814920112,2.2573491783703874,3.0135895832148747,0.8358446579860124
54,Meurthe-et-Moselle,69953,40069,37409,9244,11515,5909,4158,3400,1801,999,361,42888,1952,1874,464,276,281,165,68,85,260,0,2053,257,243,39,92,0,56,56,0,0,0,114894,42278,39526,9747,11883,6190,4379,3524,1886,1259,361,24.6597176542023,30.063755502707078,15.66057784749279,11.078783585488033,8.915650457926429,4.771542781966301,3.1852451550877903,0.9133228760815666
55,Meuse,11302,7245,6728,1613,2309,1491,441,393,142,317,17,10652,485,470,105,95,73,34,17,18,63,0,1410,196,190,23,52,20,63,32,0,0,0,23364,7926,7388,1741,2456,1584,538,442,160,380,17,23.56524093123985,33.24309691391446,21.440173253925284,7.282079047103411,5.9826746074715755,2.165674066053059,5.143475906876016,0.23010286951813752
56,Morbihan,52472,31442,28715,7035,13491,3036,2073,1470,555,751,294,62233,2729,2643,615,513,334,219,38,146,367,0,6394,488,435,63,115,29,62,49,78,39,0,121099,34659,31793,7713,14119,3399,2354,1557,779,1157,294,24.260057245305568,44.409146667505425,10.691032617242788,7.404145566634164,4.897304438083855,2.4502248922718834,3.639165854118831,0.9247318592142925
57,Moselle,98893,58172,54529,11211,15149,8808,8515,5553,1818,2909,545,63631,2905,2782,634,425,445,361,86,68,402,0,2781,431,409,52,74,0,44,40,0,199,0,165305,61508,57720,11897,15648,9253,8920,5679,1886,3510,545,20.61157311157311,27.110187110187113,16.03083853083853,15.453915453915453,9.838877338877339,3.2674982674982673,6.081081081081082,0.9442134442134441
58,Nièvre,9213,6385,5845,2077,2126,685,284,341,134,123,74,13225,648,616,211,104,77,35,19,36,74,0,1804,164,148,38,43,0,46,21,0,0,0,24242,7197,6609,2326,2273,762,365,381,170,197,74,35.194431835376,34.392495082463306,11.529732183386292,5.522771977606294,5.764866091693146,2.5722499621727946,2.9807837796943564,1.119685277651687
59,Nord,404734,231050,217280,48416,51935,32289,30721,27134,12425,9591,4692,163327,7005,6732,1953,945,867,583,317,294,987,0,10014,959,882,179,204,99,300,100,0,0,0,578075,239014,224894,50548,53084,33255,31604,27551,12719,10578,4692,22.476366643841097,23.604008999795457,14.786966304125498,14.052842672547955,12.250660311079887,5.655553282879935,4.703549227636131,2.086316220085907
60,Oise,72225,45706,42713,10396,13272,6470,3884,4331,914,2671,769,49808,1981,1891,454,231,221,220,65,50,271,0,4738,445,414,78,84,57,148,47,0,0,0,126771,48132,45018,10928,13587,6748,4252,4443,964,2942,769,24.274734550624196,30.181260829001733,14.98955973166289,9.445110844551069,9.869385579101692,2.1413656759518416,6.53516371229286,1.7082056066462303
61,Orne,19602,12946,11664,2944,4207,1685,1423,747,470,185,0,20383,882,814,201,129,125,77,24,28,124,0,3927,298,274,46,92,0,95,41,0,0,0,43912,14126,12752,3191,4428,1810,1595,812,498,309,0,25.02352572145546,34.723964868255955,14.193851944792973,12.507841907151821,6.36762860727729,3.905269761606023,2.4231493099121706,0.0
62,Pas-de-Calais,121009,80365,74418,19319,19762,13907,9113,4392,3008,4139,736,85762,3746,3574,918,498,613,306,84,107,594,0,7850,781,712,117,150,74,184,45,0,142,0,214621,84892,78704,20354,20410,14594,9603,4521,3115,4875,736,25.86145558040252,25.932608253710104,18.542894897336858,12.201412888798536,5.744307786135393,3.9578674527342956,6.194094328115471,0.935149420613946
63,Puy-de-Dôme,67943,42001,39118,11342,10653,5326,1983,5803,1962,1772,263,48393,2702,2595,835,348,338,177,76,148,367,0,3381,339,329,69,115,45,100,0,0,0,0,119717,45042,42042,12246,11116,5709,2260,5879,2110,2139,263,29.12801484230056,26.44022644022644,13.57927786499215,5.375576804148233,13.98363541220684,5.018790733076448,5.087769373483659,0.625564911279197
64,Pyrénées-Atlantiques,49246,32586,30230,8073,9751,5526,944,3097,302,1104,1417,61898,3099,2987,769,453,324,130,74,129,414,0,4157,431,396,68,62,51,77,32,0,0,106,115301,36116,33613,8910,10266,5901,1151,3203,431,1518,1523,26.507601225716243,30.54175467824949,17.555707613125872,3.4242703715824234,9.529051259929194,1.2822419897063637,4.5161098384553595,4.530985035551721
65,Hautes-Pyrénées,14800,9885,9088,2571,2747,1321,630,1180,509,6,119,18261,833,806,267,124,92,59,12,31,120,0,1173,158,141,32,46,19,44,0,0,0,0,34234,10876,10035,2870,2917,1432,733,1192,540,126,119,28.599900348779272,29.068261086198305,14.2700548081714,7.304434479322372,11.878425510712507,5.381165919282512,1.2556053811659191,1.1858495266567015
66,Pyrénées-Orientales,25259,16750,15489,3434,4142,3808,1255,1645,424,508,259,38907,1475,1409,404,135,215,106,46,54,230,0,5890,434,405,102,123,58,72,50,0,0,0,70056,18659,17303,3940,4400,4081,1433,1741,478,738,259,22.770617811940124,25.429116338207248,23.585505403687222,8.281800843784314,10.061838987458822,2.7625267294688785,4.265156331272034,1.4968502571808358
67,Bas-Rhin,187018,107597,101907,15206,29258,12733,22107,11126,2185,6050,3206,94045,4441,4254,869,663,484,702,171,146,672,0,6144,930,825,95,277,78,286,89,0,0,0,287207,112968,106986,16170,30198,13295,23095,11386,2331,6722,3206,15.114127082048118,28.226123044136614,12.426859589105115,21.58693660852822,10.642513973790964,2.178789748191352,6.283065073934907,2.9966537677827003
68,Haut-Rhin,67511,44873,42316,7292,11377,5859,10385,5162,197,1737,294,54325,2553,2443,523,395,305,390,74,87,350,0,4757,631,568,96,161,0,217,94,0,0,0,126593,48057,45327,7911,11933,6164,10992,5330,284,2087,294,17.453173605136012,26.326472080658327,13.59895867805061,24.250446753590573,11.758995742052198,0.6265581220905863,4.604319721137512,0.6486200277980012
69,Rhône,376256,221105,209488,46054,58250,27148,17283,31465,9615,13552,6044,176327,7093,6854,1858,999,491,642,503,512,998,0,6389,518,483,92,180,34,48,36,0,93,0,558972,228716,216825,48004,59429,27673,17973,32004,10127,14643,6044,22.139513432491643,27.408739767093277,12.762827164764209,8.28917329643722,14.760290556900726,4.670586878819324,6.75337253545486,2.787501441254468
70,Haute-Saône,14643,9501,8620,2252,2727,2079,870,521,0,29,140,14372,799,758,169,97,120,65,25,31,92,0,1679,204,179,31,47,32,49,20,0,0,0,30694,10504,9557,2452,2871,2231,984,566,31,121,140,25.656586795019358,30.040807784869727,23.344145652401384,10.296118028670085,5.922360573401695,0.32436957204143557,1.266087684419797,1.464894841477451
71,Saône-et-Loire,38430,25320,23612,7405,6114,4142,975,2511,591,1478,391,40489,1718,1623,501,265,182,102,52,65,237,0,4934,385,348,74,87,28,60,35,0,64,0,83853,27423,25583,7980,6466,4352,1137,2598,656,1779,391,31.192588828518936,25.274596411679628,17.011296564124613,4.44435758120627,10.155181174999022,2.564202790915843,6.953836532072079,1.5283586756830707
72,Sarthe,60765,34450,31775,7866,12793,3644,1861,3679,679,964,285,37489,1717,1609,446,239,211,122,46,69,246,0,3983,260,228,48,52,25,42,27,0,34,0,102237,36427,33612,8360,13084,3880,2025,3752,748,1244,285,24.872069498988456,38.92657384267523,11.543496370343926,6.024634059264549,11.162679995239795,2.225395692014757,3.701059145543258,0.8479114601927884
73,Savoie,37888,23172,21470,7076,4288,5346,1558,1869,559,515,250,45362,1893,1813,442,271,285,131,68,112,256,0,5458,442,416,75,98,57,92,25,0,69,0,88708,25507,23699,7593,4657,5688,1781,1962,671,840,250,32.039326553863035,19.65061816954302,24.001012700957848,7.515085024684585,8.278830330393687,2.8313430946453435,3.544453352462129,1.0548968310899194
74,Haute-Savoie,69026,43506,40638,5310,11645,5880,2282,5518,1773,1675,6547,69601,2431,2310,467,384,250,210,106,115,390,0,0,0,0,0,0,0,0,0,0,0,0,138627,45937,42948,5777,12029,6130,2492,5624,1888,2065,6547,13.451150228182918,28.008289093787837,14.27307441557232,5.802365651485517,13.094905467076465,4.396013784111018,4.808140076371426,15.244016019372264
75,Paris,981659,513002,489786,91416,130788,55413,43474,76269,29135,52591,10416,446116,18235,17682,6156,2561,1021,1542,1518,1341,1760,0,20552,1166,1102,208,292,106,298,198,0,0,0,1448327,532403,508570,97780,133641,56540,45314,77985,30476,54351,10416,19.226458501287922,26.27779853314195,11.117446959120672,8.910081208093281,15.334172287000806,5.992488742945907,10.687024401753938,2.048095640718092
76,Seine-Maritime,142721,93713,88058,30588,19356,12029,6622,11338,3893,2618,1588,85561,3939,3769,1198,510,444,261,119,152,539,0,6088,559,513,91,136,65,127,94,0,0,0,234370,98211,92340,31877,20002,12538,7010,11551,4045,3157,1588,34.521334199696774,21.661251895170025,13.578081004981591,7.591509638293265,12.509205111544292,4.3805501407840595,3.4188867229802904,1.7197314273337667
77,Seine-et-Marne,139586,86354,81334,17578,19492,13945,10825,8204,3544,5421,2284,90406,3102,2982,778,375,283,287,126,126,530,0,0,0,0,0,0,0,0,0,0,0,0,229992,89456,84316,18356,19867,14228,11112,8330,3670,5951,2284,21.770482470705442,23.562550405616964,16.874614545282036,13.178993310878125,9.879500925091325,4.352673276720907,7.057972389582049,2.7088571564115944
78,Yvelines,210628,127038,121452,19688,28631,22138,16295,22821,3035,5405,3391,98323,3754,3609,905,464,330,369,232,162,610,0,0,0,0,0,0,0,0,0,0,0,0,308951,130792,125061,20593,29095,22468,16664,23053,3197,6015,3391,16.466364414165888,23.26464685233606,17.965632771207652,13.324697547596772,18.43340449860468,2.55635249998001,4.809652889389978,2.711476799321931
79,Deux-Sèvres,58769,36674,34824,6879,13326,4736,2738,3598,329,1746,1471,26147,1279,1214,302,214,170,76,24,69,182,0,4501,343,314,72,145,0,75,22,0,0,0,89417,38296,36352,7253,13685,4906,2889,3644,398,1928,1471,19.952134683098592,37.645796654929576,13.495818661971832,7.947293133802817,10.024207746478874,1.094850352112676,5.303697183098591,4.046544894366197
80,Somme,55794,36746,34176,9726,10105,5656,3255,2933,1039,1248,209,37436,1740,1651,537,235,246,145,31,40,220,0,5350,524,493,97,0,90,215,91,0,0,0,98580,39010,36320,10360,10340,5992,3615,3055,1079,1468,209,28.524229074889867,28.469162995594715,16.497797356828194,9.95319383259912,8.411343612334802,2.970814977973568,4.041850220264317,0.5754405286343612
81,Tarn,21960,13357,12405,3788,3548,1805,627,851,902,491,387,29772,1620,1541,452,222,217,82,29,107,234,0,2445,232,219,45,59,38,40,37,0,0,0,54177,15209,14165,4285,3829,2060,749,917,1009,725,387,30.250617719731732,27.031415460642428,14.542887398517474,5.287680903635722,6.473702788563361,7.123190963642781,5.118249205788916,2.7320861277797386
82,Tarn-et-Garonne,14930,9969,8959,2740,1915,2299,1118,459,105,162,157,19408,892,850,246,101,133,62,14,42,138,0,3733,240,212,42,50,46,74,0,0,0,0,38071,11101,10021,3028,2066,2478,1254,473,147,300,157,30.216545254964572,20.616704919668695,24.728071050793336,12.513721185510429,4.720087815587267,1.4669194691148588,2.993713202275222,1.5667099091906995
83,Var,49987,30686,28817,5832,6621,6452,2882,2477,712,2723,1113,92368,2762,2652,652,365,358,233,93,85,469,0,7945,502,463,95,97,60,39,59,0,113,0,150300,33950,31932,6579,7083,6870,3154,2629,797,3305,1113,20.603156708004512,22.1815107102593,21.51446824502067,9.87723913315796,8.23312038080922,2.495928848803708,10.350119002881122,3.485531754979331
84,Vaucluse,33654,21568,19963,4987,5825,3132,1945,2360,370,797,541,54479,2000,1909,477,273,295,135,71,103,293,0,8476,585,499,99,123,78,116,83,0,0,0,96609,24153,22371,5563,6221,3505,2196,2514,473,1090,541,24.86701533234992,27.808323275669395,15.667605381967725,9.816280005364089,11.237763175539762,2.11434446381476,4.872379419784542,2.4183094184435205
85,Vendée,53418,31850,28940,4038,15115,3347,3320,1543,623,715,224,56466,2409,2264,432,416,276,221,51,90,384,0,7155,592,531,80,178,69,169,35,0,0,0,117039,34851,31735,4550,15709,3692,3710,1629,713,1099,224,14.337482275090593,49.500551441625966,11.633842760359226,11.690562470458485,5.133133763982984,2.2467307389317788,3.4630534110603435,0.7058452812352293
86,Vienne,31839,20844,19287,6381,5178,2554,1490,1724,1366,496,93,29244,1527,1465,445,210,169,91,31,83,217,0,2893,251,212,66,66,0,60,20,0,0,0,63976,22622,20964,6892,5454,2723,1641,1775,1449,713,93,32.87540545697386,26.016027475672583,12.988933409654646,7.827704636519749,8.466895630604848,6.911848883800801,3.401068498378172,0.4436176302232398
87,Haute-Vienne,30799,19710,18126,6440,4687,3120,341,2112,445,505,468,25256,1396,1331,417,180,237,63,36,61,173,0,1906,180,160,72,0,0,46,42,0,0,0,57961,21286,19617,6929,4867,3357,450,2190,506,678,468,35.32140490390987,24.81011367691288,17.112708365193456,2.2939287352806237,11.163786511699037,2.579395422337768,3.45618596115614,2.3856858846918487
88,Vosges,26573,16981,15406,3281,5436,3252,1324,1004,161,879,61,24872,1286,1234,305,237,146,122,42,29,169,0,2344,295,272,63,74,35,76,24,0,0,0,53789,18562,16912,3649,5747,3433,1522,1070,190,1048,61,21.57639545884579,33.9817880794702,20.299195837275306,8.999526963103122,6.326868495742668,1.1234626300851467,6.19678334910123,0.3606906338694418
89,Yonne,18260,12253,11201,2852,3579,2160,990,621,360,472,163,23518,990,942,200,155,121,83,26,43,152,0,3735,303,273,65,63,36,69,40,0,0,0,45513,13546,12416,3117,3797,2317,1142,687,403,624,163,25.104703608247426,30.581507731958762,18.66140463917526,9.197809278350515,5.533182989690721,3.2458118556701034,5.025773195876289,1.3128221649484537
90,Territoire de Belfort,10054,6567,6017,1546,1720,653,422,1404,251,0,21,8202,442,417,94,62,47,68,12,16,49,0,312,43,42,5,13,0,18,6,0,0,0,18568,7052,6476,1645,1795,700,508,1422,267,49,21,25.401482396541077,27.717726991970355,10.809141445336627,7.8443483631871525,21.957998764669547,4.122915379864113,0.756639901173564,0.3242742433600988
91,Essonne,147123,90396,85343,19963,19799,12499,8632,12846,2384,6746,2445,81956,2887,2789,721,375,254,213,122,117,612,0,0,0,0,0,0,0,0,0,0,0,0,229079,93283,88132,20684,20174,12753,8845,12968,2501,7358,2445,23.469341442381882,22.89066400399401,14.470339944628513,10.036082240275949,14.714292198066536,2.837788771388372,8.348840375799936,2.774247719330096
92,Hauts-de-Seine,974022,491568,472446,68321,119330,54207,57630,107024,9504,41557,14635,152243,5891,5693,1757,802,427,596,497,295,666,0,0,0,0,0,0,0,0,0,0,0,0,1126265,497459,478139,70078,120132,54634,58226,107521,9799,42223,14635,14.656407446370197,25.12491137514405,11.426384377764624,12.177630354353022,22.487393833174036,2.0494040435940177,8.830695676361895,3.0608254085109143
93,Seine-Saint-Denis,321413,198762,191099,39856,43432,26366,11842,27087,9664,19807,12986,128083,3292,3164,1397,299,247,216,103,224,336,0,0,0,0,0,0,0,0,0,0,0,0,449496,202054,194263,41253,43731,26613,12058,27190,9888,20143,12986,21.235644461374527,22.511234769359064,13.699469276187436,6.2070492064881115,13.996489295439687,5.0900068463886585,10.368932838471556,6.6847521144016095
94,Val-de-Marne,181589,105403,99927,21038,26331,13331,11276,14025,4572,6809,2501,102037,3182,3051,1015,387,214,265,174,173,437,0,0,0,0,0,0,0,0,0,0,0,0,283626,108585,102978,22053,26718,13545,11541,14199,4745,7246,2501,21.415253743518033,25.94534754996213,13.153294878517741,11.207248150090312,13.788381984501545,4.607780302588902,7.036454388315951,2.4286740857270486
95,Val-d'Oise,124822,79479,75491,16174,18070,13103,6756,9651,2662,5373,3667,84303,2316,2209,632,259,213,186,94,96,331,0,0,0,0,0,0,0,0,0,0,0,0,209125,81795,77700,16806,18329,13316,6942,9745,2758,5704,3667,21.629343629343627,23.589446589446588,17.137709137709138,8.934362934362934,12.54182754182754,3.5495495495495493,7.341055341055341,4.719433719433719
971,Guadeloupe,23622,18245,16721,351,1486,1838,665,561,977,982,9850,36337,1100,1036,0,64,67,30,16,30,182,0,1768,242,225,0,0,0,21,0,0,0,204,61727,19587,17982,351,1550,1905,716,577,1007,1164,10054,1.951951951951952,8.619730841953064,10.593927260593928,3.981759537315093,3.208764319875431,5.600044488933378,6.47313980647314,55.91146702257813
972,Martinique,22729,16890,15493,4274,1510,1388,467,684,560,165,6442,34785,887,842,222,46,94,26,19,23,109,0,6741,402,385,224,0,34,10,0,0,0,117,64255,18179,16720,4720,1556,1516,503,703,583,274,6559,28.22966507177033,9.30622009569378,9.066985645933014,3.008373205741627,4.204545454545454,3.4868421052631575,1.638755980861244,39.22846889952153
973,Guyane,7884,5782,5417,2279,585,744,715,498,258,51,284,15269,256,229,54,14,23,27,6,26,48,0,573,81,76,18,39,0,7,12,0,0,0,23726,6119,5722,2351,638,767,749,516,284,99,284,41.08703250611674,11.149947570779448,13.40440405452639,13.089828731212863,9.017825934987766,4.963299545613422,1.7301642782243971,4.963299545613422
974,La Réunion,59966,45345,42041,9371,12381,7003,4229,2031,1485,1904,3631,78933,3122,2954,848,426,531,164,41,94,444,0,12425,906,864,196,302,178,89,99,0,0,0,151324,49373,45859,10415,13109,7712,4482,2171,1579,2348,3631,22.71091824941669,28.585446695305173,16.81676443010096,9.7734359667677,4.734076190060839,3.443162737957653,5.1200418674633115,7.917747879369371
975,975,288,205,198,20,69,54,36,7,8,4,0,790,81,80,2,67,8,1,0,1,1,0,0,0,0,0,0,0,0,0,0,0,0,1078,286,278,22,136,62,37,7,9,5,0,7.913669064748201,48.92086330935252,22.302158273381295,13.309352517985612,2.5179856115107913,3.237410071942446,1.7985611510791366,0.0
976,Mayotte,6576,4924,4597,1475,1041,1292,14,146,75,62,488,5892,115,104,52,15,7,7,0,5,8,0,0,0,0,0,0,0,0,0,0,0,0,12468,5039,4701,1527,1056,1299,21,146,80,70,488,32.48245054243778,22.463305679642627,27.63241863433312,0.4467134652201659,3.1057221867687725,1.7017655817911082,1.4890448840672197,10.380770048925761
977,Saint-Barthélemy,19,17,17,0,0,0,0,0,0,0,17,2529,14,14,0,0,3,2,3,1,0,0,0,0,0,0,0,0,0,0,0,0,0,2548,31,31,0,0,3,2,3,1,0,17,0.0,0.0,9.67741935483871,6.451612903225806,9.67741935483871,3.225806451612903,0.0,54.83870967741935
978,Saint-Martin,480,365,337,0,120,92,0,0,24,0,100,4353,79,73,0,18,2,7,2,5,11,0,0,0,0,0,0,0,0,0,0,0,0,4833,444,410,0,138,94,7,2,29,11,100,0.0,33.65853658536586,22.926829268292686,1.707317073170732,0.4878048780487805,7.073170731707316,2.682926829268293,24.390243902439025
2A,Corse-du-Sud,12314,9897,9445,2768,617,501,20,509,56,392,4573,17214,484,460,185,122,36,19,17,5,43,0,786,260,256,9,0,98,0,118,0,0,31,30314,10641,10161,2962,739,635,39,644,61,435,4604,29.150674146245446,7.272906210018699,6.249384903060722,0.3838204901092412,6.3379588623167,0.600334612734967,4.281074697372306,45.31050093494734
2B,Haute-Corse,6848,5093,4797,1271,217,468,79,47,17,184,2506,19144,415,389,128,71,48,27,23,8,39,0,786,260,256,9,0,98,0,118,0,0,31,26778,5768,5442,1408,288,614,106,188,25,223,2537,25.87284086732819,5.2921719955898565,11.282616685042264,1.947813303932378,3.4546122748989343,0.45938993017273055,4.097758177140757,46.6188901139287
